,breedCnt,careAddr,careNm,careTel,closeDay,dataStdDt,divisionNm,dsignationDate,feedCnt,jibunAddr,lat,lng,medicalCnt,orgNm,quarabtineCnt,rnum,saveTrgtAnimal,specsPersonCnt,transCarCnt,vetPersonCnt,weekCellEtime,weekCellStime,weekOprEtime,weekOprStime,weekendCellEtime,weekendCellStime,weekendOprEtime,weekendOprStime
0,,대구광역시 북구 호국로 229 (서변동) 6층,(사)대구수의사회,053-764-3708,0,2020-12-18,법인,2017-01-01,, 6층,35.922355665,128.599034473,,대구광역시 수성구,,1,개+고양이+기타,0,,0,:,:,24:00,00:00,:,:,:,:
1,,부산광역시 강서구 제도로 726 (강동동) ,(사)하얀비둘기,051-293-9779,,2021-01-05,법인,,,부산광역시 강서구 강동동 3223-7 ,,,,부산광역시 사하구,,1,,,,,,,,,,,,
2,,서울특별시 용산구 보광동 259-1,21세기동물병원,02-749-6750,,2021-06-11,동물병원,,, 259-1,,,,서울특별시 용산구,,1,,,,,,,,,,,,
3,,경기도 부천시 오정구 원종동 229-8,24시아이동물메디컬,032-677-5262,,2015-02-23,동물병원,,, ,,,,경기도 부천시,,1,,,,,,,,,,,,
4,,"서울특별시 마포구 만리재로 74 (신공덕동, 신공덕2차삼성래미안) 삼성 래미안상가 117호",C.T종합동물병원,02-6375-0075,일요일+공휴일,2020-06-03,동물병원,2020-01-01,,서울특별시 마포구 신공덕동 160 삼성 래미안상가 117호,37.546859734,126.958384698,,서울특별시 마포구,,1,개+고양이+토끼+기니피그+페럿+햄스터,1,,1,19:00,10:00,19:30,09:30,15:00,10:00,16:00,09:30
5,,서울특별시 강동구 상일로 13 (상일동) 1~2층 GD동물병원,GD동물병원,02-429-8822,,2020-11-30,동물병원,,,서울특별시 강동구 상일동 341-2 1~2층 GD동물병원,,,,서울특별시 강동구,,1,,,,,,,,,,,,
6,1,울산광역시 울주군 온산읍 덕신로 250 (온산읍) ,MK동물병원,052-237-2475,공휴일,2020-06-05,동물병원,2020-01-01,1, ,35.433533,129.308733,1,울산광역시 울주군,1,1,개,2,,1,19:00,09:30,19:00,09:30,16:00,09:30,16:00,09:30
7,,"경기도 부천시 소향로 246 (중동, 새롬프라자6차) ",cj동물병원,032-323-4999,,,동물병원,,, ,,,,경기도 부천시,,1,,,,,,,,,,,,
8,,경기도 부천시 경인로 72 (송내동) ,가나동물병원,032-665-0075,,2021-03-03,동물병원,,, ,,,,경기도 부천시,,1,,,,,,,,,,,,
9,,경기도 파주시 가온로 116 (목동동) ,가온동물병원,031-945-7552,,2017-02-17,동물병원,,, ,,,,경기도 파주시,,1,,,,,,,,,,,,
10,,인천광역시 서구 가정로 346 (가정동) ,가정동물병원,032-575-0833,2,2020-01-23,동물병원,2019-01-01,,인천광역시 서구 가정동 517-32 ,37.515665283,126.673021837,,인천광역시 서구,,1,개+고양이+기타반려동물,4,1,2,:,:,20:00,10:00,:,:,:,:
11,,"경기도 가평군 가평읍 아랫마장길 59 (가평읍, 농업기술센터) 가평 유기동물 보호소(10:00~18:00)",가평군유기동물보호소,031-580-4748,,2009-02-25,법인,,, 가평 유기동물 보호소(10:00~18:00),37.8459716369,127.4986540628,,경기도 가평군,,1,,,,,,,,,,,,
12,,대구광역시 수성구 달구벌대로 3179 (매호동) 1층,감자동물병원,053-795-5589,일요일,2021-01-11,동물병원,2021-01-01,,대구광역시 수성구 매호동 1344-21 1층,35.841278417,128.704727246,,대구광역시 수성구,,1,개+고양이+기타,1,,1,:,:,20:00,10:00,:,:,18:00,10:00
13,,울산광역시 남구 돋질로 232 (달동) 1층,강남동물병원,052-271-0075,토요일+일요일,2020-06-04,동물병원,2020-01-09,, 1층,35.542604193,129.330474173,,울산광역시 남구,,1,개+고양이,1,,2,:,:,17:00,10:00,:,:,:,:
14,,"서울특별시 강동구 성내로 25 (성내동, 강동구청) 강동구청 ",강동구청 반려동물팀 ,02-3425-6015,,2020-11-30,법인,,, 강동구청 ,,,,서울특별시 강동구,,1,,,,,,,,,,,,
15,,서울특별시 강동구 양재대로81길 73 (성내동) 강동구 유기동물 분양센터(reborn),강동리본센터(reborn),070-4163-7350,,2020-11-30,법인,,, 강동구 유기동물 분양센터(reborn),,,,서울특별시 강동구,,1,,,,,,,,,,,,
16,15,강원도 강릉시 성산면 내맬길 172  ,강릉시동물사랑센터,033-641-7515,토요일+일요일,2021-03-26,단체,2006-01-01,,강원도 강릉시 성산면 산북리 1193 ,37.698788664,128.829276323,1,강원도 강릉시,1,1,개,3,1,1,:,:,18:00,09:00,:,:,:,:
17,8,"전라남도 강진군 강진읍 초지길 109-62 (강진읍, 강진군상하수도사업소) ",강진군 유기견 보호소,061-430-3613,토요일+일요일+공휴일,2020-06-01,법인,2015-08-21,0,전라남도 강진군 강진읍 목리 495 ,34.62315224,126.776205899,0,전라남도 강진군,0,1,개,1,1,1,18:00,09:00,18:00,09:00,:,:,:,:
18,2,서울특별시 양천구 등촌로 160 (목동) 1층,강현림동물병원,02-2642-9159,일요일+공휴일,2020-08-11,동물병원,2020-01-01,1,서울특별시 양천구 목동 657-16 1층,37.54403479,126.862420091,1,서울특별시 양천구,1,1,개+고양이+기타,2,1,1,18:00,10:00,20:00,10:00,18:00,10:00,20:00,10:00
19,,"경상남도 거제시 사등면 두동로1길 109 (사등면, 한국자원재생공사폐비닐적재장) 거제시유기동물보호소",거제시유기동물보호소,055-639-6368,0,2020-06-02,법인,2009-08-24,,경상남도 거제시 사등면 사곡리 375-1 거제시유기동물보호소,34.883767588,128.573667027,,경상남도 거제시,,1,개+고양이,4,1,0,16:00,13:00,18:00,09:00,15:00,13:00,18:00,09:00
20,,인천광역시 중구 개항로 68 (경동) ,경동동물병원,032-765-9988,,2021-04-02,동물병원,,,인천광역시 중구 경동 240-60 ,,,,인천광역시 동구,,1,,,,,,,,,,,,
21,2,인천광역시 중구 개항로 68 (경동) ,경동동물병원,032-765-9988,일요일,2019-12-27,동물병원,2019-12-30,1, ,37.471957668,126.629945155,1,인천광역시 중구,1,1,개+고양이+기타,1,2,1,17:00,10:00,18:00,09:00,:,:,18:00,09:00
22,1,경상북도 경주시 용담로 12 (황성동) ,경주시유기동물보호소,010-3841-6303,일요일+공휴일,2021-03-05,동물병원,2017-01-02,1,경상북도 경주시 황성동 357-5 ,35.860817385,129.219656239,3,경상북도 경주시,1,1,개+고양이+기타,0,,1,18:00,09:30,18:00,09:30,:,:,:,:
23,,경상남도 고성군 고성읍 남해안대로 2829-60  고성군농업기술센터 동물보호센터,고성군유기동물보호소,055-670-4314,,2021-04-09,법인,,,경상남도 고성군 고성읍 우산리 206-2 농업기술센터 고성군농업기술센터 동물보호센터,,,,경상남도 고성군,,1,,,,,,,,,,,,
24,,"경기도 고양시 덕양구 고양대로 1695 (원흥동, 고양시 농업기술센터) 고양시동물보호센터",고양시동물보호센터,031-962-3232,0,2020-01-23,법인,2014-02-19,, 고양시동물보호센터,37.649779396,126.870084624,,경기도 고양시,,1,개+고양이+기타축종,5,,1,:,:,22:00,09:00,:,:,:,:
25,,전라북도 고창군 무장면 원금곡길 13  ,고창동물병원,063-561-0561,일요일+공휴일,2021-01-10,동물병원,2017-01-01,,전라북도 고창군 무장면 원촌리 56-16 ,35.4379775760,126.6995480785,,전라북도 고창군,,1,개+고양이+기타,2,,1,:,:,18:00,09:00,:,:,:,:
26,1,전라남도 광양시 봉강면 인덕로 1169-20 (봉강면) 지곡리 864-24,광양시 임시보호소,061-797-3386,토요일+일요일,2019-10-01,법인,2019-10-14,1, ,34.988870019,127.57785957,1,전라남도 광양시,1,1,개+고양이+기타,1,1,1,17:00,10:00,18:00,09:00,:,:,:,:
27,,"광주광역시 북구 본촌마을길 25 (본촌동, 건국동사무소) 광주 동물보호소",광주 동물보호소,062-571-2808,,2013-02-01,법인,,, ,,,,광주광역시 동구,,1,,,,,,,,,,,,
28,,"광주광역시 북구 본촌마을길 25 (본촌동, 건국동사무소) 광주 동물보호소",광주 동물보호소,062-571-2808,,,법인,,, ,,,,광주광역시 서구,,1,,,,,,,,,,,,
29,,"광주광역시 북구 본촌마을길 25 (본촌동, 건국동사무소) 광주 동물보호소",광주 동물보호소,062-571-2808,,,법인,,, ,,,,광주광역시 남구,,1,,,,,,,,,,,,
30,13,"광주광역시 북구 본촌마을길 25 (본촌동, 건국동사무소) 광주 동물보호소",광주 동물보호소,062-571-2808,0,2020-06-02,법인,2011-07-01,1, 광주 동물보호소,35.22293555,126.881646146,1,광주광역시 북구,1,1,개+고양이+기타,6,1,1,16:30,13:30,17:30,09:30,16:30,13:30,17:30,09:30
31,,"광주광역시 북구 본촌마을길 25 (본촌동, 건국동사무소) 광주 동물보호소",광주 동물보호소,062-571-2808,,2019-01-22,법인,,, ,,,,광주광역시 광산구,,1,,,,,,,,,,,,
32,,경기도 광주시 경안천로 144 (송정동) 1층,광주TNR동물병원송정,031-798-7583,,2020-11-09,동물병원,,,경기도 광주시 송정동 6-9 1층,,,,경기도 광주시,,1,,,,,,,,,,,,
33,,경기도 광주시 초월읍 현산로385번길 74-12 (초월읍) ,광주TNR동물병원초월,031-798-7581,,2020-06-02,동물병원,,,경기도 광주시 초월읍 지월리 713-2 ,,,,경기도 광주시,,1,,,,,,,,,,,,
34,,경상북도 구미시 해평면 낙동대로 2206  ,구미시 동물보호센터,054-471-5718,,2021-01-04,단체,,,경상북도 구미시 해평면 금호리 707 ,,,,경상북도 구미시,,1,,,,,,,,,,,,
35,10,전라북도 군산시 대야면 보덕안정길 124  유기동물보호소(사단법인 리턴),군산유기동물보호센터,063-451-2975,공휴일,2021-05-27,법인,2018-02-01,1,전라북도 군산시 대야면 보덕리 829 유기동물보호소(사단법인 리턴),35.960814865,126.816307954,1,전라북도 군산시,2,1,개+고양이+기타,7,2,1,18:00,09:00,24:00,00:00,18:00,09:00,24:00,00:00
36,,대구광역시 수성구 동원로 150 (만촌동) 금강동물병원,금강동물병원,053-746-7111,일요일,2020-12-18,동물병원,2018-01-30,, 금강동물병원,35.871651862,128.635874536,,대구광역시 수성구,,1,개+고양이+기타,1,,1,:,:,18:30,09:30,:,:,:,:
37,,"경기도 파주시 금빛로 19 (금촌동, 파주프라임타워) ",금릉동물병원,031-948-3375,,2017-02-17,동물병원,,, ,,,,경기도 파주시,,1,,,,,,,,,,,,
38,,경기도 파주시 가재울로94번길 27 (목동동) ,금쪽같은,031-944-9979,,2013-01-07,동물병원,,, ,,,,경기도 파주시,,1,,,,,,,,,,,,
39,,부산광역시 기장군 기장읍 기장대로 560  ,기장군,051-709-2894,,,법인,,,부산광역시 기장군 기장읍 신천리 1 기장군청 ,,,,부산광역시 기장군,,1,,,,,,,,,,,,
40,2,경상북도 김천시 조마로 2128 (양천동) ,김천시 동물보호센터,010-3477-7771,일요일,2020-06-04,단체,2018-01-04,1, ,36.084043041,128.118882067,1,경상북도 김천시,1,1,개+고양이+기타,1,1,1,18:00,09:00,18:00,09:00,18:00,09:00,18:00,09:00
41,,경기도 파주시 새꽃로 207 (아동동) 나은동물병원,나은동물병원,031-944-8288,,2017-06-15,동물병원,,, ,,,,경기도 파주시,,1,,,,,,,,,,,,
42,,전라남도 나주시 산포면 내기3길 71-43 [*미고시] ,나주유기동물보호센터,010-2331-7377,,2021-06-17,개인,,,전라남도 나주시 산포면 내기리 616 ,,,,전라남도 나주시,,1,,,,,,,,,,,,
43,28,충청남도 부여군 부여읍 성왕로 190-1  남부여동물병원,남부여동물병원,041-837-8275,일요일,2021-03-12,동물병원,2020-01-01,1,충청남도 부여군 부여읍 구아리 391 남부여동물병원,36.28164852,126.909280389,1,충청남도 부여군,12,1,개+고양이,2,1,1,18:00,09:00,18:30,08:30,14:00,09:00,14:00,08:30
44,,서울특별시 용산구 후암동 244-60,남산동물병원,02-778-7582,,2021-06-11,동물병원,,, 244-60,,,,서울특별시 용산구,,1,,,,,,,,,,,,
45,,울산광역시 남구 북부순환도로 40 (무거동) ,남산동물병원,052-224-8275,토요일+일요일,2020-06-04,동물병원,2020-01-09,, ,35.551956519,129.268013763,,울산광역시 남구,,1,개+고양이+기타,2,,1,:,:,17:00,10:00,:,:,:,:
46,,"서울특별시 노원구 수락산로 258 (상계동, 호성빌딩) 1층",노원반려동물문화센터,02-933-8500,월요일,2020-12-21,법인,2020-10-28,,서울특별시 노원구 상계동 1075-1 1층,37.671351047,127.049962143,,서울특별시 노원구,,1,개,2,,0,:,:,19:00,10:00,:,:,:,:
47,,충청남도 논산시 시민로210번길 9 (내동) ,논산시청,041-746-6109,,2020-11-30,단체,,,충청남도 논산시 내동 824 논산시청 ,,,,충청남도 논산시,,1,,,,,,,,,,,,
48,,부산광역시 해운대구 송정2로13번길 46 (송정동) ,누리동물병원,051-701-7599,,2021-01-07,동물병원,,,부산광역시 해운대구 송정동 85-1 ,,,,경상남도 김해시,,1,,,,,,,,,,,,
49,,부산광역시 해운대구 송정2로13번길 46 (송정동) 누리동물병원,누리동물병원,051-701-7599,일요일,2021-02-19,동물병원,2021-01-01,, 누리동물병원,35.194808961,129.206317652,,부산광역시 동래구,,1,개+고양이+기타,4,,1,17:00,14:00,18:00,10:00,14:00,10:00,14:00,10:00
50,15,부산광역시 해운대구 송정2로13번길 46 (송정동) ,누리동물병원,051-701-7599,일요일,2020-06-05,동물병원,2020-01-01,1, ,35.194808961,129.206317652,3,부산광역시 수영구,3,1,개+고양이+기타,5,3,2,16:00,14:00,18:00,09:00,13:00,10:00,14:00,10:00
51,9,부산광역시 해운대구 송정2로13번길 46 (송정동) ,누리동물병원,051-701-7599,0,2019-12-30,동물병원,2017-01-01,1, ,35.1948086299,129.2063155055,3,부산광역시 금정구,1,1,개+고양이+기타,0,3,2,:,:,24:00,00:00,:,:,:,:
52,,강원도 정선군 정선읍 비봉로 46  ,다나동물병원,033-563-6563,일요일,2020-12-11,동물병원,2012-04-02,,강원도 정선군 정선읍 봉양리 321-3 ,37.378820999,128.659550261,,강원도 정선군,,1,개+고양이,10,,1,:,:,19:00,09:00,:,:,:,:
53,,충청북도 단양군 매포읍 우덕리 910번지,단양군유기동물보호소,010-3822-4351,토요일+일요일,2020-07-03,법인,2009-01-01,, 910번지,37.017139,128.301287,,충청북도 단양군,,1,개+고양이+기타,1,,0,:,:,18:00,09:00,:,:,:,:
54,,전라남도 담양군 용면 시암골로 280-57 (용면) :용면 두장리 21번지,담양군 동물보호 센터,010-3604-1338,토요일+일요일,2020-06-01,개인,2020-03-05,, :용면 두장리 21번지,35.358597268,127.001965613,,전라남도 담양군,,1,개,1,,1,:,:,18:00,09:00,:,:,:,:
55,,대구광역시 서구 서대구로 64 (평리동) ,대구수의사회(아이펫),053-573-1175,일요일+공휴일,2020-06-02,법인,2018-12-27,, ,35.863815962,128.556541359,,대구광역시 서구,,1,개+고양이,1,,1,:,:,19:00,09:00,:,:,:,:
56,,대구광역시 북구 호국로 229 (서변동) 대구경북수의사회관 6층,대구시수의사회,053-764-3708,,,단체,,,대구광역시 북구 서변동 1783-3 대구경북수의사회관 6층,,,,대구광역시 동구,,1,,,,,,,,,,,,
57,,대구광역시 서구 국채보상로 176 (중리동) ,대구시수의사회(더난),053-552-0075,일요일+공휴일,2020-06-02,법인,2018-12-27,, ,35.869326757,128.550478302,,대구광역시 서구,,1,개+고양이,1,,1,:,:,19:00,09:00,:,:,:,:
58,,대구광역시 서구 서대구로 361 (비산동) 2층,대구시수의사회(더펫),070-4293-0622,일요일+공휴일,2019-01-29,법인,2018-12-27,, ,35.889095781,128.560711191,,대구광역시 서구,,1,개+고양이,1,,1,:,:,19:00,09:00,:,:,:,:
59,,대구광역시 중구 동인동4가 국채보상로 724 ,대구시수의사회(동인),070-4466-1575,0,2020-06-02,법인,2018-12-26,, ,35.868390999,128.60968014,,대구광역시 중구,,1,개+고양이+기타,2,,3,:,:,24:00,00:00,:,:,:,:
60,,대구광역시 서구 달서로 165 (비산동) ,대구시수의사회(보경),053-559-9020,일요일+공휴일,2020-06-02,법인,2018-06-27,, ,35.877030489,128.57099979,,대구광역시 서구,,1,개+고양이,1,,1,:,:,19:00,09:00,:,:,:,:
61,,대구광역시 중구 삼덕동1가 달구벌대로 2145 ,대구시수의사회(삼덕),053-426-1731,일요일,2020-06-02,법인,2018-12-26,, ,35.864857229,128.598401934,,대구광역시 중구,,1,개+고양이+기타,0,,1,:,:,19:00,10:00,:,:,:,:
62,,대구광역시 서구 서대구로 24 (내당동) ,대구시수의사회(삼성),053-556-8575,일요일+공휴일,2020-06-02,법인,2018-12-27,, ,35.860186857,128.557148742,,대구광역시 서구,,1,개+고양이,1,,1,:,:,19:00,09:00,:,:,:,:
63,,대구광역시 중구 동덕로8길 2 (대봉동) ,대구시수의사회(원),053-255-8275,일요일,2020-06-02,법인,2018-12-26,, ,35.858496547,128.605454984,,대구광역시 중구,,1,개+고양이+기타,0,,1,:,:,19:00,10:00,:,:,:,:
64,8,대전광역시 유성구 금남구즉로 1234 (금고동) 대전광역시 동물보호센터,대전동물보호센터,042-825-1118,0,2021-04-05,법인,2011-01-01,1,대전광역시 유성구 금고동 583 대전광역시 동물보호센터,36.362990159,127.286853557,1,대전광역시 유성구,3,1,개+고양이+기타,9,,2,16:00,13:00,18:00,10:00,16:00,13:00,18:00,10:00
65,8,대전광역시 유성구 금남구즉로 1234 (금고동) 대전광역시 동물보호센터,대전동물보호센터,042-825-1118,0,2021-04-05,법인,2011-01-01,1,대전광역시 유성구 금고동 583 대전광역시 동물보호센터,36.362990159,127.286853557,1,대전광역시 중구,3,1,개+고양이+기타,9,,2,16:00,13:00,18:00,10:00,16:00,13:00,18:00,10:00
66,8,대전광역시 유성구 금남구즉로 1234 (금고동) 대전광역시 동물보호센터,대전동물보호센터,042-825-1118,0,2021-04-05,법인,2011-01-01,1,대전광역시 유성구 금고동 583 대전광역시 동물보호센터,36.362990159,127.286853557,1,대전광역시 서구,3,1,개+고양이+기타,9,,2,16:00,13:00,18:00,10:00,16:00,13:00,18:00,10:00
67,8,대전광역시 유성구 금남구즉로 1234 (금고동) 대전광역시 동물보호센터,대전동물보호센터,042-825-1118,0,2021-04-05,법인,2011-01-01,1,대전광역시 유성구 금고동 583 대전광역시 동물보호센터,36.362990159,127.286853557,1,대전광역시 대덕구,3,1,개+고양이+기타,9,,2,16:00,13:00,18:00,10:00,16:00,13:00,18:00,10:00
68,8,대전광역시 유성구 금남구즉로 1234 (금고동) 대전광역시 동물보호센터,대전동물보호센터,042-825-1118,0,2021-04-05,법인,2011-01-01,1,대전광역시 유성구 금고동 583 대전광역시 동물보호센터,36.362990159,127.286853557,1,대전광역시 동구,3,1,개+고양이+기타,9,,2,16:00,13:00,18:00,10:00,16:00,13:00,18:00,10:00
69,,"서울특별시 영등포구 영중로8길 6 (영등포동3가, 성남빌딩) 비동 530호",동물구조119,02-6337-0119,,,법인,,,서울특별시 영등포구 영등포동3가 8-1 비동 530호,,,,서울특별시,,1,,,,,,,,,,,,
70,,부산광역시 강서구 가락대로1283번길 25-2 (봉림동) ,동물보호관리협회,051-971-6208,일요일,2020-06-02,법인,2020-01-15,, ,35.178922615,128.899758103,,부산광역시 부산진구,,1,개+고양이,3,,0,:,:,24:00,00:00,:,:,:,:
71,,서울특별시 도봉구 방학로 119 (방학동) 2층,동물보호단체 다솜,02-6406-0226,,2020-04-16,법인,,,서울특별시 도봉구 방학동 673-20 2층,,,,서울특별시,,1,,,,,,,,,,,,
72,3,대구광역시 중구 동인동4가 국채보상로 724 (동인동4가) 가창면 관할,동인동물병원,053-424-4258,일요일,2020-06-02,동물병원,2017-02-01,1, 가창면 관할,35.868390999,128.60968014,3,대구광역시 달성군,1,1,개+고양이+기타,2,1,2,19:00,09:30,19:00,09:30,18:00,09:30,18:00,09:30
73,,"강원도 동해시 대동로 159-13 (송정동, 동해시유기동물보호소) ",동해시유기동물보호소,033-522-2990,,2019-12-27,법인,,,강원도 동해시 송정동 1708 ,,,,강원도 동해시,,1,,,,,,,,,,,,
74,,서울특별시 강동구 양재대로 1385 (성내동) 둔촌동물병원,둔촌동물병원,02-474-5100,,2020-11-30,동물병원,,,서울특별시 강동구 성내동 415-1 둔촌동물병원,,,,서울특별시 강동구,,1,,,,,,,,,,,,
75,,경기도 파주시 순못길 6-18 (다율동) 라임동물병원,라임동물병원,031-8071-2060,,2013-01-07,동물병원,,, ,,,,경기도 파주시,,1,,,,,,,,,,,,
76,1,경기도 하남시 신평로 58 (신장동) 1층,러브펫동물병원,031-791-5775,일요일,2020-06-02,동물병원,2020-04-01,1, 1층,37.53867483,127.205225785,1,경기도 하남시,,1,개+고양이,1,1,1,19:00,10:30,19:00,10:30,18:00,11:00,18:00,11:00
77,,서울특별시 관악구 남부순환로 1429 (신림동) ,러브펫종합동물병원,02-837-8875,0,2020-05-29,동물병원,2019-03-01,, ,37.4811777,126.909573105,,서울특별시 관악구,,1,개+고양이+기타,4,1,2,18:00,09:00,18:00,09:00,18:00,09:00,18:00,09:00
78,,"경기도 파주시 문산읍 방촌로 1636 (문산읍, 강산설렁탕) ",로뎀동물병원,031-952-7576,,,동물병원,,, ,,,,경기도 파주시,,1,,,,,,,,,,,,
79,,울산광역시 남구 봉월로 104 (신정동) ,리틀쥬동물의료원,052-268-8884,토요일+일요일,2020-06-04,동물병원,2020-01-09,, ,35.541733493,129.306308764,,울산광역시 남구,,1,개+고양이,3,,2,:,:,17:00,10:00,:,:,:,:
80,,경상남도 창원시 마산합포구 진북면 지산2길 139-112 226-19,마산유기동물보호소,055-225-5481,0,2020-06-03,법인,2008-03-28,, 226-19,35.1194213340,128.4682650739,,경상남도 창원시 마산합포회원구,,1,개,4,1,0,15:00,14:00,16:00,07:00,:,:,16:00,07:00
81,,"서울특별시 마포구 월드컵로 212 (성산동, 마포구청) 8층 지역경제과",마포구청,02-3153-8542,,,법인,,,서울특별시 마포구 성산동 369-1 8층 지역경제과,,,,서울특별시 마포구,,1,,,,,,,,,,,,
82,,"서울특별시 마포구 월드컵로 65 (망원동, 망원 양경회관) ",망원동물병원,02-332-0175,일요일+공휴일,2020-06-03,동물병원,2020-01-01,,서울특별시 마포구 망원동 386-2 ,37.554863058,126.910866093,,서울특별시 마포구,,1,개+고양이+토끼+기니피그+페럿+햄스터,1,,1,19:00,11:00,20:00,10:00,16:00,11:00,17:00,10:00
83,,전라남도 무안군 무안읍 백로로 164-123  ,무안군유기동물보호소,061-450-4059,,,개인,,,전라남도 무안군 무안읍 용월리 504 ,,,,전라남도 무안군,,1,,,,,,,,,,,,
84,,경기도 파주시 문산읍 문향로 35 문산동물병원,문산동물병원,031-953-7570,,,동물병원,,, ,,,,경기도 파주시,,1,,,,,,,,,,,,
85,1,울산광역시 남구 중앙로 218-1 (신정동) ,미래펫동물병원,052-273-5911,토요일+일요일,2020-06-04,동물병원,2020-01-09,1, ,35.540416309,129.312249549,1,울산광역시 남구,1,1,개+고양이,2,,1,:,:,17:00,10:00,:,:,:,:
86,,경기도 파주시 청석로 264 (동패동) 2층 201호 거북목프라자,미엘동물병원,031-935-5009,,2017-07-17,동물병원,,, ,,,,경기도 파주시,,1,,,,,,,,,,,,
87,,"서울특별시 용산구 원효로 51 (산천동, 삼성테마트) 119호",민트동물병원,02-707-2235,,2021-06-11,동물병원,,, 119호,,,,서울특별시 용산구,,1,,,,,,,,,,,,
88,2,경상남도 밀양시 삼랑진읍 천태로 472 (삼랑진읍) ,밀양시동물보호센터,010-5656-6665,0,2020-12-31,개인,2020-12-29,1, ,35.40768428,128.879770197,0,경상남도 밀양시,1,1,개+고양이,3,1,0,18:00,09:00,24:00,00:00,18:00,09:00,18:00,09:00
89,,전라북도 전주시 완산구 전주천서로 111 (서서학동) 박영재 동물병원,박영재동물병원,063-284-7774,,2021-02-09,동물병원,,,전라북도 전주시 완산구 서서학동 940-8 박영재 동물병원,,,,전라북도 임실군,,1,,,,,,,,,,,,
90,,서울특별시 마포구 도화길 42 (도화동) ,박창석동물병원,02-6405-7582,일요일+공휴일,2020-06-03,동물병원,2020-01-01,,서울특별시 마포구 도화동 182-6 ,37.541517149,126.950364461,,서울특별시 마포구,,1,개+고양이+토끼+페럿+햄스터+기니피그,0,,1,18:00,10:00,19:00,09:00,15:00,08:00,16:00,09:00
91,,충청북도 청주시 흥덕구 강내면 서부로 411-55 (강내면) ,반려동물보호센터,043-201-2298,일요일,2020-06-04,법인,2019-07-01,1, ,36.590336584,127.365419051,1,충청북도 청주시,,1,개+고양이+기타,7,1,1,16:00,13:00,18:00,09:00,16:00,13:00,18:00,09:00
92,,경기도 파주시 문산읍 문산역로 77 버디종합동물병원,버디종합동물병원,031-953-1183,,,동물병원,,, ,,,,경기도 파주시,,1,,,,,,,,,,,,
93,1,울산광역시 울주군 범서읍 천상중앙길 49 (범서읍) ,범서조은동물병원,052-248-7582,공휴일,2020-04-21,동물병원,2016-01-01,1, ,35.56351794,129.23102294,1,울산광역시 울주군,1,1,개,5,0,1,18:00,09:00,18:00,09:00,16:00,10:00,16:00,10:00
94,,"인천광역시 강화군 강화읍 강화대로 217 (강화읍, 린나이보일러) ",베스트동물병원,032-934-9340,일요일,2020-06-09,동물병원,2020-01-01,, ,37.73968128,126.505433379,,인천광역시 강화군,,1,개+고양이+염소+기타축종,1,,1,:,:,20:00,10:00,:,:,:,:
95,,전라북도 완주군 용진읍 순지2길 187-6  ,별빛유기동물지킴이,010-4137-1009,,2021-03-19,단체,,,전라북도 완주군 용진읍 신지리 산31-2 ,,,,전라북도 완주군,,1,,,,,,,,,,,,
96,,전라남도 보성군 노동면 노동천동길 209 (노동면) 신천리 71,보성유기동물보호센터,061-850-5403,,2020-08-31,법인,,,전라남도 보성군 노동면 신천리 136 신천리 71,,,,전라남도 보성군,,1,,,,,,,,,,,,
97,6,경상북도 봉화군 봉성면 농업인길 24 (봉성면) 봉화군농업기술센터,봉화군유기동물보호소,054-679-6865,토요일+일요일+공휴일,2020-06-01,단체,2017-01-01,1, 봉화군농업기술센터,36.903668173,128.772537713,,경상북도 봉화군,,1,개,1,,1,18:00,09:00,18:00,09:00,:,:,:,:
98,7,부산광역시 강서구 맥도강변길 752-15 (대저2동) ,부산동물보호센터,051-832-7119,0,2020-06-18,단체,2020-01-01,1,부산광역시 강서구 대저2동 4708-5 ,35.151443296,128.939632885,1,부산광역시 강서구,2,1,개+고양이+기타,2,2,1,16:00,13:00,18:00,09:00,13:00,09:00,14:00,09:00
99,,경기도 부천시 길주로 660 (춘의동) ,부천시수의사회,032-323-4999,,2021-03-03,단체,,,경기도 부천시 춘의동 381 농산지원사업소 ,,,,경기도 부천시,,1,,,,,,,,,,,,
100,,전라남도 영광군 불갑면 함영로 2758 ,불갑동물임시보호소,010-9188-5525,,,개인,,, ,,,,전라남도 영광군,,1,,,,,,,,,,,,
101,,부산광역시 강서구 제도로 726 (강동동) ,사단법인 하얀비둘기,051-293-9779,,2021-03-26,법인,,,부산광역시 강서구 강동동 3223-7 ,,,,부산광역시 기장군,,1,,,,,,,,,,,,
102,1,울산광역시 남구 중앙로 165-1 (신정동) ,사랑동물병원,052-273-0075,토요일+일요일,2020-06-04,동물병원,2020-01-09,1, ,35.535831807,129.313489602,1,울산광역시 남구,1,1,개+고양이,3,,1,:,:,17:00,10:00,:,:,:,:
103,,경상남도 사천시 용현면 진삼로 902  ,사천시 동물보호센터,055-831-3784,,2020-10-30,법인,,,경상남도 사천시 용현면 신복리 500 사천시농업기술센터 ,,,,경상남도 사천시,,1,,,,,,,,,,,,
104,3,경상남도 산청군 산청읍 친환경로 2783-25 (산청읍) ,산청동물보호센터,010-2050-8577,토요일+일요일+공휴일,2020-08-04,단체,2011-03-23,,경상남도 산청군 산청읍 모고리 1349 ,35.426394,127.881274,1,경상남도 산청군,2,1,개,1,,2,16:00,10:00,16:00,10:00,:,:,:,:
105,1,"강원도 삼척시 근덕면 교곡길 127-281 (근덕면, 쓰레기소각시설) 유기동물보호소",삼척시유기동물보호소,010-4373-1899,토요일+일요일+공휴일,2019-12-27,개인,2019-10-11,1, 유기동물보호소,37.359297145,129.21957696,0,강원도 삼척시,0,1,개+고양이,1,1,0,18:00,09:00,18:00,09:00,:,:,:,:
106,,경상북도 상주시 청리면 남상주로 1205-59  ,상주유기동물보호센터,010-2415-2467,,2021-05-03,개인,,,경상북도 상주시 청리면 원장리 724 ,,,,경상북도 상주시,,1,,,,,,,,,,,,
107,,충청남도 서산시 안견로 235 (동문동) ,서산동물병원,041-667-5525,,2021-03-05,동물병원,,,충청남도 서산시 동문동 1024-6 ,,,,충청남도 서산시,,1,,,,,,,,,,,,
108,,충청남도 서산시 인지면 무학재1길 99  ,서산시 동물보호센터,041-660-2040,,2021-05-04,법인,,,충청남도 서산시 인지면 산동리 565-22 서산시 농업기술센터 ,,,,충청남도 서산시,,1,,,,,,,,,,,,
109,,서울특별시 마포구 매봉산로 31 (상암동) 지하1층,서울동물복지지원센터,02-2124-2832,,,법인,,,서울특별시 마포구 상암동 1648 S-PLEX CENTER 지하1층,,,,서울특별시 용산구,,1,,,,,,,,,,,,
110,,서울특별시 마포구 매봉산로 31 (상암동) 지하1층,서울동물복지지원센터,02-2124-2832,,2021-06-10,단체,,,서울특별시 마포구 상암동 1648 S-PLEX CENTER 지하1층,,,,서울특별시 관악구,,1,,,,,,,,,,,,
111,,서울특별시 마포구 매봉산로 31 (상암동) 에스플렉스센터 지하1층,서울동물복지지원센터,02-2124-2832,,,단체,,,서울특별시 마포구 상암동 1648 S-PLEX CENTER 에스플렉스센터 지하1층,,,,서울특별시 마포구,,1,,,,,,,,,,,,
112,,서울특별시 용산구 후암동 244-60,서울수의사용산구분회,02-2199-8053,,2021-06-11,동물병원,,, 244-60,,,,서울특별시 용산구,,1,,,,,,,,,,,,
113,,충청남도 서천군 마산면 한마로 1189-19 ,서천유기동물보호소,041-950-4388,공휴일,2019-12-24,개인,2010-01-01,, ,36.179524706,126.772387742,,충청남도 서천군,,1,개,1,,1,:,:,18:00,09:00,:,:,:,:
114,,"서울특별시 서초구 양재천로19길 22 (양재동, 숨빌딩) 서초동물사랑센터",서초동물사랑센터,02-6956-7980,,2021-03-10,법인,,, 서초동물사랑센터,,,,서울특별시 서초구,,1,,,,,,,,,,,,
115,,세종특별자치시  전동면 미륵당1길 188 (전동면) ,세종유기동물보호센터,010-4435-3720,,2020-09-18,개인,,,세종특별자치시  전동면 미곡리 421-1 ,,,,세종특별자치시,,1,,,,,,,,,,,,
116,,세종특별자치시  조치원읍 새내로 81-2 (조치원읍) 세종종합동물병원,세종종합동물병원,044-868-8275,,2020-11-17,동물병원,,, 세종종합동물병원,,,,세종특별자치시,,1,,,,,,,,,,,,
117,,강원도 속초시 하도문길 103 (대포동) ,속초시유기동물보호소,033-633-2519,,2020-06-30,법인,,,강원도 속초시 대포동 159-14 ,,,,강원도 속초시,,1,,,,,,,,,,,,
118,,"경기도 수원시 영통구 광교호수로 234 (하동, 수원시 동물보호센터) 하동 40-10",수원시 동물보호센터,031-228-3557,토요일+일요일,2020-11-11,법인,2020-01-01,,경기도 수원시 영통구 하동 40-10 하동 40-10,37.28501978,127.078698506,,경기도 수원시,,1,개+고양이+기타,6,1,1,18:00,09:00,18:00,09:00,:,:,:,:
119,,"전라남도 순천시 승주읍 승주로 628 (승주읍, 농업기술센터) 순천시유기동물보호소",순천시유기동물보호소,061-749-8793,,2020-06-09,법인,,,전라남도 순천시 승주읍 서평리 555 순천시유기동물보호소,,,,전라남도 순천시,,1,,,,,,,,,,,,
120,,울산광역시 남구 대학로 112 (무거동) ,스마일동물병원,052-277-0075,토요일+일요일,2020-06-04,동물병원,2020-01-09,, ,35.544706294,129.260875251,,울산광역시 남구,,1,개+고양이,2,,2,:,:,17:00,10:00,:,:,:,:
121,,"경기도 파주시 금빛로 44 (금촌동, 마이프라자) 203호",스마일양한방동물병원,031-942-3575,,2017-02-17,동물병원,,, ,,,,경기도 파주시,,1,,,,,,,,,,,,
122,,경기도 안산시 단원구 한양대학로 208 (고잔동) 2층 스타캣츠,스타캣츠,031-410-3777,토요일+일요일+공휴일,2021-04-02,동물병원,2019-06-05,, 2층 스타캣츠,37.313576381,126.836753395,,경기도 안산시,,1,고양이,2,,1,18:00,09:00,24:00,00:00,:,:,24:00,00:00
123,,"경기도 시흥시 관곡지로 139 (하중동, 생명농업기술센터) ",시흥시농업기술센터,031-310-2247,,2019-12-23,법인,,, ,,,,경기도 시흥시,,1,,,,,,,,,,,,
124,50,인천광역시 중구 운중로 33 (운남동) ,신공항동물병원,032-751-4598,일요일,2019-12-27,동물병원,2019-12-30,2,인천광역시 중구 운남동 507-10 ,37.493607492,126.537184779,1,인천광역시 중구,1,1,개+고양이+기타,1,1,1,17:00,10:00,18:00,09:00,:,:,18:00,09:00
125,,대구광역시 수성구 수성동1가 명덕로 393 (수성동1가) ,신세계동물병원,053-751-6693,일요일,2020-12-18,동물병원,2017-01-01,, ,35.854747079,128.613181114,,대구광역시 수성구,,1,개+고양이+기타,2,,2,:,:,19:00,09:00,:,:,:,:
126,,전라남도 무안군 삼향읍 석매길 21-5 (삼향읍) ,신안유기동물보호센터,010-9678-9966,,2020-09-22,개인,,,전라남도 무안군 삼향읍 왕산리 193-1 ,,,,전라남도 신안군,,1,,,,,,,,,,,,
127,1,충청남도 아산시 염치읍 충무로 295-9 (염치읍) ,아산시동물보호센터,041-533-3563,0,2019-12-23,동물병원,2016-07-01,1, ,36.927579855,127.038607031,1,충청남도 아산시,1,1,개+고양이,2,3,1,18:00,13:00,18:00,09:00,18:00,13:00,18:00,09:00
128,,경기도 파주시 경의로 1100 (야당동) 201호,야당동물병원,031-948-7579,,,동물병원,,, ,,,,경기도 파주시,,1,,,,,,,,,,,,
129,,강원도 양구군 남면 양남로 319-31 (남면) 양구군농업기술센터,양구,033-480-2911,,2021-02-23,법인,,, 양구군농업기술센터,,,,강원도 양구군,,1,,,,,,,,,,,,
130,,경상남도 양산시 동면 석산리 392 양산시농업기술센터,양산시유기동물보호소,055-392-5337,32,2020-06-03,법인,2008-02-01,, 392 양산시농업기술센터,35.324090,129.034170,,경상남도 양산시,,1,개+고양이,4,1,0,18:00,09:00,18:00,09:00,:,:,18:00,09:00
131,,강원도 양양군 손양면 동막골길 115-35 (손양면) ,양양군유기동물보호소,033-670-2278,,2020-02-17,법인,,, ,,,,강원도 양양군,,1,,,,,,,,,,,,
132,,경기도 양평군 양평읍 농업기술센터길 59 (양평읍) ,양평군유기동물보호소,031-770-2337,,2019-10-15,법인,,, ,,,,경기도 양평군,,1,,,,,,,,,,,,
133,,서울특별시 용산구 원효로2가 84-10,열린동물병원,02-3273-0075,,2021-06-11,동물병원,,, 84-10,,,,서울특별시 용산구,,1,,,,,,,,,,,,
134,1,경상북도 영덕군 영덕읍 구미2길 14-1 (영덕읍) 영덕군유기동물보호센터,영덕유기동물보호센터,054-730-6286,0,2020-06-01,단체,2017-08-01,1,경상북도 영덕군 영덕읍 구미리 22 영덕군유기동물보호센터,36.43572989,129.357620501,1,경상북도 영덕군,1,1,개+고양이,1,1,1,18:00,09:00,18:00,09:00,:,:,18:00,09:00
135,,경상북도 포항시 북구 흥해읍 덕장길 224 (흥해읍) ,영일동물플러스,054-262-8295,0,2019-12-23,단체,2019-07-01,, ,36.14538842,129.333019051,,경상북도 포항시,,1,개+고양이+야생동물,5,,1,:,:,18:00,09:00,:,:,:,:
136,,경상북도 영주시 문수면 반구로324번길 135 (문수면) 장수면 반구리 407-8,영주시 동물보호센터,010-6682-1185,일요일+공휴일,2020-06-01,법인,2015-05-23,,경상북도 영주시 문수면 권선리 538 장수면 반구리 407-8,36.766579037,128.600891055,,경상북도 영주시,,1,개,1,,1,18:00,09:00,18:00,09:00,17:00,09:00,17:00,09:00
137,1,"경상북도 영천시 천문로 622-13 (오미동, 영천시농업기술센터) ",영천유기동물보호센터,054-339-7175,토요일+일요일,2020-07-08,법인,2018-11-01,1,경상북도 영천시 오미동 1147-1 ,35.990661644,128.926441328,,경상북도 영천시,1,1,개+고양이+기타,2,1,1,17:00,13:00,18:00,09:00,:,:,:,:
138,,대구광역시 수성구 동대구로 207 (황금동) ,예스동물병원,053-768-7543,일요일,2021-01-20,동물병원,2017-01-01,, ,35.84890794,128.624392603,,대구광역시 수성구,,1,개+고양이+기타,2,,1,:,:,18:00,10:00,:,:,:,:
139,36,"경상북도 예천군 예천읍 충효로 632-84 (예천읍, 유기동물보호소) ",예천군유기동물보호소,054-650-8167,일요일,2021-04-12,법인,2016-05-30,1, ,36.674849138,128.47624852,1,경상북도 예천군,1,1,개,1,1,1,18:00,09:00,18:00,09:00,18:00,09:00,18:00,09:00
140,1,"충청북도 옥천군 옥천읍 삼금로 53 (옥천읍, 동물병원) 옥천동물병원",옥천동물병원,010-8843-8844,토요일+일요일,2021-01-21,동물병원,2017-01-01,1, 옥천동물병원,36.303049814,127.568776907,1,충청북도 옥천군,1,1,개+고양이,0,1,2,18:00,09:00,18:00,09:00,:,:,:,:
141,1,울산광역시 울주군 언양읍 읍성로 135 (언양읍) ,와우동물병원,052-225-0075,공휴일,2020-01-23,동물병원,2012-01-01,1,울산광역시 울주군 언양읍 동부리 370-15 ,35.570265956,129.12309314,1,울산광역시 울주군,1,1,개+고양이+기타,0,,1,18:00,09:00,18:00,09:00,12:00,09:00,12:00,09:00
142,,서울특별시 마포구 대흥로 48 (대흥동) ,용강동물병원,02-707-2340,0,2020-06-03,동물병원,2020-01-01,,서울특별시 마포구 대흥동 337-41 ,37.544846922,126.939479132,,서울특별시 마포구,,1,개+고양이+토끼+페럿+햄스터+기니피그,7,,3,19:00,10:00,20:00,09:00,18:00,10:00,19:00,09:00
143,,"경기도 용인시 처인구 중부대로 1074-1 (삼가동, 용인시 동물보호센터) ",용인시 동물보호센터,031-324-3463,0,2020-06-01,법인,2017-01-01,, ,37.24331386,127.159335344,,경기도 용인시,,1,개+고양이,7,,1,16:00,10:00,18:00,09:00,:,:,:,:
144,,경상북도 군위군 군위읍 중앙1길 17 (군위읍) ,우성동물병원,054-382-1357,토요일+일요일,2020-06-01,법인,2018-01-16,,경상북도 군위군 군위읍 서부리 151-31 ,36.230581367,128.566102004,,경상북도 군위군,,1,개,1,,1,:,:,18:00,09:00,:,:,:,:
145,,"경상북도 울릉군 울릉읍 신리길 68 (울릉읍, 울릉도축장) ",울릉군농업기술센터,054-790-6283,토요일+일요일,2020-06-03,법인,2017-10-17,,경상북도 울릉군 울릉읍 사동리 714-2 ,37.460054248,130.87377027,,경상북도 울릉군,,1,개+고양이+기타,1,,1,:,:,24:00,00:00,:,:,:,:
146,,울산광역시 중구 학성공원13길 45 (학성동) ,울산동물병원,052-297-0979,일요일,2020-06-30,동물병원,2020-01-10,, ,35.555686102,129.337060829,,울산광역시 중구,,1,개+고양이,4,,2,:,:,17:00,09:00,:,:,:,:
147,3,울산광역시 울주군 온양읍 발리 1144,울산유기동물보호센터,052-238-6113,공휴일,2020-06-05,개인,2012-01-01,1, 1144,35.410291657,129.288511713,1,울산광역시 울주군,1,1,개+고양이+기타,8,1,1,18:00,09:00,18:00,09:00,12:00,09:00,12:00,09:00
148,,울산광역시 울주군 온양읍 화산발리로 543 (온양읍) ,울산유기동물보호센터,052-238-6113,토요일+일요일,2020-01-20,단체,2020-01-09,, ,35.390890519,129.286001678,,울산광역시 남구,,1,개+고양이,3,,1,:,:,17:00,10:00,:,:,:,:
149,,울산광역시 울주군 온양읍 발리 1144,울산유기동물보호센터,052-238-6113,공휴일,2020-01-02,단체,2020-01-01,, 1144,35.410291657,129.288511713,,울산광역시 북구,,1,개+고양이,3,,0,:,:,24:00,00:00,:,:,:,:
150,3,울산광역시 울주군 온양읍 화산발리로 543 (온양읍) ,울산유기동물보호센터,052-238-6113,토요일+일요일,2020-06-30,법인,2020-01-10,1, ,35.390890519,129.286001678,1,울산광역시 중구,1,1,개+고양이,8,1,1,18:00,09:00,18:00,09:00,12:00,09:00,12:00,09:00
151,,경상북도 울진군 울진읍 대흥신림로 916-37 [*미고시] ,울진군동물보호센터,054-789-6795,,2021-02-19,법인,,,경상북도 울진군 울진읍 고성리 864-1 ,,,,경상북도 울진군,,1,,,,,,,,,,,,
152,4,강원도 원주시 호저면 칠봉로 110-6 ,원주유기동물보호센터,033-731-1119,연중무휴,2021-03-18,법인,2006-06-03,1, ,37.416318018,127.912860682,1,강원도 원주시,1,1,개+고양이+기타,4,1,0,16:00,09:00,18:00,09:00,11:00,09:00,13:00,09:00
153,,서울특별시 용산구 원효로2가 30-4,원효동물병원,02-719-7070,,2021-06-11,동물병원,,, 30-4,,,,서울특별시 용산구,,1,,,,,,,,,,,,
154,,충청남도 금산군 금산읍 오리정로 68  월드동물병원,월드동물병원,041-750-2584,토요일+일요일,2021-02-25,동물병원,2021-02-01,,충청남도 금산군 금산읍 상리 11-27 쏠플레르 월드동물병원,36.108375551,127.484174292,,충청남도 금산군,,1,개+고양이,1,,1,:,:,18:00,09:00,:,:,:,:
155,,"경기도 파주시 한울로 123 (동패동, 이마트운정점) 2층, 웰니스클리닉",웰니스클리닉,031-942-7524,,2017-04-13,동물병원,,, ,,,,경기도 파주시,,1,,,,,,,,,,,,
156,,"서울특별시 마포구 월드컵북로 27 (서교동, 이화빌딩) 서교동447-2",웰케어 동물병원,02-337-7575,0,2020-05-29,동물병원,2020-01-01,, 서교동447-2,37.556875043,126.919088707,,서울특별시 마포구,,1,개+고양이+토끼+기니피그+페럿+햄스터,3,,2,21:00,10:00,22:00,09:00,21:00,10:00,22:00,09:00
157,,강원도 고성군 간성읍 꽃내마루길 53-49  ,유기견임시보호소,033-680-3724,,,개인,,,강원도 고성군 간성읍 어천리 3 ,,,,강원도 고성군,,1,,,,,,,,,,,,
158,9,부산광역시 강서구 가락대로1283번길 25-2 (봉림동) ,유기동물및동물보호협,051-971-6208,일요일,2020-06-04,법인,2018-02-01,1, ,35.178922615,128.899758103,1,부산광역시 사하구,2,1,개+고양이,3,4,1,15:00,13:00,17:00,08:30,15:00,13:00,15:00,08:30
159,10,경상북도 안동시 서후면 풍산태사로 3252-29 (서후면) ,유기동물보호센터,010-7703-1999,일요일,2020-06-03,단체,2012-01-02,1,경상북도 안동시 서후면 태장리 201-1 ,36.635989904,128.683831267,1,경상북도 안동시,2,1,개+고양이,3,1,0,17:00,10:00,18:00,09:00,15:00,12:00,17:00,10:00
160,,"전라남도 여수시 주동1길 32 (주삼동, 여수시농업기술센터) 여수시 유기동물보호소",유기동물보호소,061-659-4429,토요일+일요일+공휴일,2020-06-10,법인,2013-11-01,,전라남도 여수시 주삼동 1003-8 여수시 유기동물보호소,34.7875755,127.663041626,,전라남도 여수시,,1,개+다친고양이,2,1,0,17:00,09:00,17:00,09:00,:,:,:,:
161,,전라남도 완도군 신지면 신지로6번길 23-89 (신지면) ,유기동물임시보호센터,010-3616-6658,토요일+일요일+공휴일,2020-06-01,개인,2019-10-01,, ,34.331872997,126.781226058,,전라남도 완도군,,1,개,1,1,0,18:00,09:00,18:00,09:00,:,:,:,:
162,,충청남도 천안시 동남구 충절로 441 (삼룡동) ,유실유기동물보호소,010-8897-5119,,2021-01-19,동물병원,,,충청남도 천안시 동남구 삼룡동 140-1 ,,,,충청남도 천안시,,1,,,,,,,,,,,,
163,,서울특별시 도봉구 마들로 664 (도봉동) 2층,이n김동물병원,02-955-6530,,2021-03-02,동물병원,,,서울특별시 도봉구 도봉동 636-12 킴스타워 2층,,,,서울특별시 노원구,,1,,,,,,,,,,,,
164,,세종특별자치시  조치원읍 장안로 27 (조치원읍) ,이병훈동물병원,044-862-4831,,,동물병원,,,세종특별자치시  조치원읍 명리 67-17 ,,,,세종특별자치시,,1,,,,,,,,,,,,
165,,서울특별시 용산구 이촌동 300-23,이상윤동물병원,02-792-5455,,2021-06-11,동물병원,,, 300-23,,,,서울특별시 용산구,,1,,,,,,,,,,,,
166,,서울특별시 용산구 이태원동 531,이태원동물병원,02-794-4945,,2021-06-11,동물병원,,, 531,,,,서울특별시 용산구,,1,,,,,,,,,,,,
167,,전라북도 익산시 서동로42길 77 (용제동) 16통 1반,익산유기동물보호소,063-855-1214,공휴일,2021-07-01,법인,2019-12-27,, 16통 1반,35.936684242,127.00241245,,전라북도 익산시,,1,개+고양이,4,2,2,:,:,24:00,00:00,:,:,:,:
168,,강원도 인제군 인제읍 비봉로44번길 105 ,인제군유기동물보호소,033-460-2473,,2019-08-02,법인,,, ,,,,강원도 인제군,,1,,,,,,,,,,,,
169,7,"인천광역시 계양구 다남로165번길 56 (다남동, 유기동물보호소) ",인천광역시 수의사회 ,032-515-7567,토요일+일요일+공휴일,2020-06-03,단체,2007-12-24,3,인천광역시 계양구 다남동 35-8 ,37.566239094,126.719642412,1,인천광역시 미추홀구,1,1,개+고양이+기타,3,2,1,16:00,13:00,17:30,09:00,:,:,12:00,09:00
170,,인천광역시 계양구 다남동 35-8,인천수의사회유기동물,032-515-7567,일요일,2019-12-25,법인,2006-01-01,, 35-8,37.571188167,126.728413758,,인천광역시 옹진군,,1,개+고양이,4,,1,:,:,18:00,09:00,:,:,:,:
171,,전라남도 장성군 삼서면 대중길 29-27  ,장성군동물보호센터,010-6271-8889,토요일+일요일,2021-01-04,개인,2019-07-04,,전라남도 장성군 삼서면 대도리 490 ,35.241536,126.610565,,전라남도 장성군,,1,개+고양이,1,,0,:,:,18:00,09:00,:,:,:,:
172,,"전라남도 장흥군 안양면 우드랜드길 288 (안양면, 남도국제교육원) 축산사업소",장흥군 동물보호센터,061-860-6729,토요일+일요일,2020-06-09,법인,2018-01-01,, 축산사업소,34.667650229,126.944610554,,전라남도 장흥군,,1,개,1,,0,18:00,09:00,18:00,09:00,:,:,:,:
173,,전라북도 김제시 용지면 금백로 571-39 (용지면) 전북말산업복합센터,전북말산업복합센터,063-547-3549,토요일+일요일,2019-04-08,법인,2020-01-01,, ,35.823616274,126.994724153,,전라북도 김제시,,1,개+고양이,3,,2,:,:,18:00,10:00,:,:,:,:
174,,경상북도 청송군 현동면 청송로 3128-135 (현동면) ,점곡보호소,010-5139-8617,,2021-06-10,개인,,,경상북도 청송군 현동면 도평리 산11-1 ,,,,경상북도 청송군,,1,,,,,,,,,,,,
175,,전라북도 정읍시 2산단5길 37-1 (하북동) ,정읍시 동물보호소,063-539-6356,,2020-10-13,단체,,, ,,,,전라북도 정읍시,,1,,,,,,,,,,,,
176,,울산광역시 북구 진장17길 11 (진장동) 정철동물병원,정철동물병원,052-287-0348,0,2020-01-08,동물병원,2020-01-01,,울산광역시 북구 진장동 727-4 정철동물병원,35.562033122,129.355306941,,울산광역시 북구,,1,개+고양이,2,,2,:,:,24:00,00:00,:,:,:,:
177,,대구광역시 수성구 달구벌대로 2475 (범어동) ,제니스동물병원,053-756-8293,일요일,2020-12-18,동물병원,2017-01-01,, ,35.859113776,128.633406625,,대구광역시 수성구,,1,개+고양이+기타,2,,1,:,:,18:00,10:00,:,:,:,:
178,,전라북도 장수군 장계면 한들로 76  제이준동물병원,제이준동물병원,010-9800-2212,,2021-02-05,동물병원,,,전라북도 장수군 장계면 장계리 244-9 제이준동물병원,,,,전라북도 장수군,,1,,,,,,,,,,,,
179,,제주특별자치도 제주시 첨단동길 184-14 (용강동) ,제주 동물보호센터,064-710-4065,일요일,2020-06-03,법인,2011-05-16,1, ,33.455532904,126.589213112,1,제주특별자치도,,1,개+고양이,10,,3,:,:,18:00,09:00,:,:,:,:
180,,제주특별자치도 제주시 첨단동길 184-14 (용강동) ,제주동물보호센터,064-710-4067,,2015-11-12,법인,,, ,,,,제주특별자치도 제주시,,1,,,,,,,,,,,,
181,,제주특별자치도 제주시 첨단동길 184-14 (용강동) ,제주동물보호센터,064-710-4067,,2015-11-12,법인,,, ,,,,제주특별자치도 서귀포시,,1,,,,,,,,,,,,
182,40,충청북도 제천시 금성면 적성로8길 51 (금성면) ,제천시 동물보호센터,043-647-0059,0,2021-06-01,단체,2020-01-01,1,충청북도 제천시 금성면 동막리 994-2 ,37.084565721,128.215049843,1,충청북도 제천시,3,1,개+고양이+기타,0,1,0,18:00,09:00,18:00,09:00,18:00,09:00,18:00,09:00
183,1,경상북도 문경시 중앙로 170 (흥덕동) 종합가축병원,종합가축병원,054-552-2233,일요일+공휴일,2019-12-23,동물병원,2017-07-11,1, 종합가축병원,36.599690621,128.202505671,1,경상북도 문경시,1,1,개+고양이+기타,1,1,1,19:00,09:00,22:00,09:00,14:00,10:00,22:00,09:00
184,,울산광역시 남구 돋질로 385-1 (삼산동) ,주동물병원,052-268-8275,토요일+일요일,2020-06-04,동물병원,2020-01-09,,울산광역시 남구 삼산동 180-33 ,35.543654331,129.347125727,,울산광역시 남구,,1,개+고양이,2,,2,:,:,17:00,10:00,:,:,:,:
185,22,전라남도 진도군 진도읍 성죽골길 30 (진도읍) 진도개축산과,진도개메디컬센터,061-540-6327,토요일+일요일+공휴일,2019-12-23,법인,2016-06-01,1,전라남도 진도군 진도읍 동외리 268-14 진도개축산과,34.482361769,126.278574748,1,전라남도 진도군,3,1,개+기타,2,1,1,18:00,09:00,18:00,09:00,:,:,:,:
186,1,"경상남도 진주시 집현면 신당길207번길 22 (집현면, 지역농업개발시설) ",진주시유기동물보호소,055-749-6134,공휴일,2020-01-17,법인,2005-12-01,1, ,35.227086565,128.121872771,,경상남도 진주시,1,1,개,3,1,0,17:00,09:00,18:00,09:00,17:00,09:00,18:00,09:00
187,,"경상남도 창원시 진해구 웅천로 218 (성내동, 농업기술센터) 205번지 ",진해유기동물보호소,055-225-5481,0,2020-06-03,법인,2010-11-01,, 205번지 ,35.1139994618,128.7543116703,,경상남도 창원시 진해구,,1,개,4,1,0,16:00,15:00,17:00,08:00,:,:,17:00,08:00
188,,서울특별시 용산구 산천동 93-1,차오름동물병원,02-706-7975,,2021-06-11,동물병원,,, 93-1,,,,서울특별시 용산구,,1,,,,,,,,,,,,
189,1,경상남도 창녕군 고암면 창밀로 335-26 (고암면) 고암면 억만리 28,창녕 유기동물보호소,010-5488-5003,토요일+일요일+공휴일,2021-02-28,개인,2019-01-02,1,경상남도 창녕군 고암면 억만리 870 고암면 억만리 28,35.573454643,128.507695136,1,경상남도 창녕군,1,1,개+고양이,1,1,1,18:00,09:00,18:00,09:00,:,:,:,:
190,,"경상남도 창원시 의창구 창이대로 71 (명서동, 창원시농업기술센터) 축산과",창원유기동물보호소,055-225-5481,0,2020-06-03,법인,2013-10-10,, 축산과,35.2382793017,128.6456003034,,경상남도 창원시 의창성산구,,1,개,4,0,0,16:00,15:00,17:00,08:00,:,:,17:00,08:00
191,,"강원도 철원군 동송읍 장흥로 311 (동송읍, 철원군농업기술센타) 농업기술센터",철원군,033-450-5394,,2019-02-26,법인,,, ,,,,강원도 철원군,,1,,,,,,,,,,,,
192,,경상북도 청도군 화양읍 청화3길 10  청도군 농업기술센터,청도군동물보호소,054-370-6558,토요일+일요일,2021-05-07,법인,2021-05-01,,경상북도 청도군 화양읍 범곡리 147 청도군 농업기술센터,35.6492911927,128.7343704070,,경상북도 청도군,,1,개,1,,0,:,:,18:00,09:00,:,:,:,:
193,,충청남도 청양군 대치면 청산로 446-17 (대치면) ,청양보호소,041-940-2972,,2020-06-03,동물병원,,,충청남도 청양군 대치면 수석리 341-1 ,,,,충청남도 청양군,,1,,,,,,,,,,,,
194,,서울특별시 용산구 이태원동 21-1,청화동물병원,02-792-7602,,,동물병원,,, ,,,,서울특별시 용산구,,1,,,,,,,,,,,,
195,,충청남도 태안군 태안읍 남문리 504-6,최동물병원,041-672-0346,일요일,2020-06-04,동물병원,2013-01-01,, 504-6,36.747003864,126.298537278,,충청남도 태안군,,1,개,1,,1,17:00,10:00,19:00,09:00,12:00,10:00,14:00,09:00
196,12,충청북도 보은군 보은읍 보은로 119-1 (보은읍) ,최상오동물병원,043-543-0753,토요일+일요일,2020-06-08,동물병원,2015-01-01,1, ,36.484828662,127.717656316,1,충청북도 보은군,1,1,개+고양이+기타,1,1,1,18:00,09:00,18:00,09:00,18:00,09:00,18:00,09:00
197,1,"충청북도 영동군 영동읍 계산로 54 (영동읍, 최종주동물병원) ",최종주동물병원,043-744-4209,토요일+일요일,2021-04-08,동물병원,2017-01-01,1, ,36.172622878,127.782333696,1,충청북도 영동군,1,1,개+고양이+기타,1,1,1,17:00,10:00,18:00,09:00,:,:,:,:
198,,강원도 춘천시 신북읍 영서로 3282 (신북읍) (전)102보충대 주차장,춘천시 동물보호센터,033-245-5351,토요일+일요일+공휴일,2019-12-23,법인,2013-01-14,, (전)102보충대 주차장,37.923210233,127.734479045,,강원도 춘천시,,1,개+고양이+기타,4,,1,18:00,09:00,18:00,09:00,:,:,:,:
199,,"울산광역시 북구 신답로 26 (상안동, 홈플러스) 쿨펫동물병원 홈플러스 북구점",쿨펫 홈플러스 북구점,052-286-3567,0,2020-01-22,동물병원,2020-01-01,,울산광역시 북구 상안동 322-9 쿨펫동물병원 홈플러스 북구점,35.630043356,129.344880426,,울산광역시 북구,,1,개+고양이,1,,1,:,:,24:00,10:00,:,:,:,:
200,,"울산광역시 북구 진장유통로 64 (진장동, 롯데마트) 4층 쿨펫동물병원",쿨펫동물병원,052-288-7572,0,2020-01-02,동물병원,2020-01-01,, 4층 쿨펫동물병원,35.576007017,129.359022747,,울산광역시 북구,,1,개+고양이,2,0,2,23:00,10:00,23:00,10:00,:,:,:,:
201,,경기도 파주시 문산읍 방촌로 1759 쿨펫동물병원,쿨펫동물병원(문산),031-954-7588,,,동물병원,,, ,,,,경기도 파주시,,1,,,,,,,,,,,,
202,1,강원도 태백시 문의재로 5 (통동) ,태백유기동물,010-6380-5566,토요일+일요일+공휴일,2020-06-03,개인,2009-02-06,1, ,37.172887869,129.040791072,0,강원도 태백시,1,1,개,1,1,0,18:00,10:00,18:00,09:00,:,:,:,:
203,,경기도 파주시 교하로 87 (목동동) 삼성프라자 201,파주24시동물병원,031-944-5575,,2017-02-17,동물병원,,, ,,,,경기도 파주시,,1,,,,,,,,,,,,
204,,경기도 파주시 책향기로 573 (목동동) ,파주365동물의료센터,031-945-5365,,2017-02-17,동물병원,,, ,37.7277542870,126.7343761802,,경기도 파주시,,1,,,,,,,,,,,,
205,,"경기도 파주시 청암로17번길 17 (목동동, 홈플러스 파주운정점) 2층 17호",팻파라다이스,031-942-7583,,,동물병원,,, ,,,,경기도 파주시,,1,,,,,,,,,,,,
206,,대구광역시 수성구 달구벌대로 3144 (노변동) 펫동물병원,펫동물병원,053-474-9820,목요일,2020-12-18,동물병원,2017-01-01,, 펫동물병원,35.841449078,128.700814566,,대구광역시 수성구,,1,금강동물병원,2,,1,:,:,19:00,10:00,:,:,:,:
207,,서울특별시 용산구 한남동 653-26,펫토이동물병원,02-795-2184,,2021-06-11,동물병원,,, 653-26,,,,서울특별시 용산구,,1,,,,,,,,,,,,
208,,"경기도 성남시 분당구 불정로 266 (수내동, 유신제일조합) ",펫토피아동물병원,031-714-8392,공휴일,2020-07-10,동물병원,2017-01-01,, ,37.367095691,127.127681498,,경기도 성남시,,1,개+고양이+유기유실동물,6,,1,:,:,18:00,10:00,:,:,:,:
209,,강원도 평창군 진부면 청송로 61 ,평창군유기동물보호소,010-3397-9150,,2013-07-15,개인,,, ,,,,강원도 평창군,,1,,,,,,,,,,,,
210,,경기도 평택시 진위면 야막길 108-86 (진위면) ,평택시유기동물보호소,031-8024-3849,,2021-01-19,법인,,, ,37.1306303346,127.0554225287,,경기도 평택시,,1,,,,,,,,,,,,
211,,충청북도 증평군 증평읍 증안길 83-11  ,피학대동물임시보호소,010-2061-9119,,2021-04-30,단체,,,충청북도 증평군 증평읍 초중리 177 ,,,,충청북도 증평군,,1,,,,,,,,,,,,
212,1,경기도 하남시 신평로 37 (덕풍동) 하남동물병원,하남동물병원,031-793-7802,일요일,2019-12-20,동물병원,2019-11-01,1, 하남동물병원,37.537155986,127.204047798,1,경기도 하남시,1,1,개+고양이+햄스터,1,1,1,18:00,11:00,18:00,09:00,18:00,11:00,18:00,09:00
213,1,경상남도 하동군 적량면 한옥정길 90 (적량면) 유기동물보호소,하동군유기동물보호소,055-880-2439,일요일+공휴일,2020-06-29,법인,2009-09-01,1,경상남도 하동군 적량면 동산리 1830 유기동물보호소,35.07884862,127.769121348,1,경상남도 하동군,1,1,개+고양이+기타,2,1,1,17:00,09:00,18:00,09:00,17:00,09:00,18:00,09:00
214,8,부산광역시 강서구 제도로 726 (강동동) ,하얀비둘기,051-293-9779,연중무휴,2020-06-17,법인,2019-01-01,1,부산광역시 강서구 강동동 3223-26 ,35.177499068,128.917023278,1,부산광역시 영도구,2,1,개+고양이+기타동물,1,4,1,15:00,10:00,17:00,10:00,13:00,11:00,17:00,10:00
215,0,경상남도 의령군 의령읍 남강로 485-75  ,하영효,055-570-4202,일요일,2021-02-01,개인,2019-10-01,0,경상남도 의령군 의령읍 만천리 232 ,35.328164046,128.250490253,0,경상남도 의령군,0,1,개,1,1,0,17:00,13:00,18:00,09:00,:,:,18:00,09:00
216,,전라남도 함평군 학교면 송산길 84 (학교면) 월산리 806-1 ,학교동물임시보호센터,010-5649-3435,토요일+일요일,2021-03-12,개인,2019-01-01,, 월산리 806-1 ,35.045491004,126.538990071,,전라남도 함평군,,1,개+기타,1,,0,:,:,18:00,09:00,:,:,:,:
217,,경기도 양주시 남면 감악산로 63-37 ,한국동물구조관리협회,031-867-9119,,2020-08-14,법인,,, ,,,,서울특별시 영등포구,,1,,,,,,,,,,,,
218,6,경기도 양주시 남면 감악산로 63-37  (사)한국동물구조관리협회,한국동물구조관리협회,031-867-9119,일요일+공휴일,2020-11-30,법인,2020-01-01,1,경기도 양주시 남면 상수리 410-1 (사)한국동물구조관리협회,37.8701158122,126.9835430508,1,서울특별시 강동구,1,1,개+고양이+기타,8,,1,18:00,09:00,18:00,09:00,16:00,09:00,16:00,09:00
219,6,경기도 양주시 남면 감악산로 63-37 (남면) ,한국동물구조관리협회,031-867-9119,일요일+공휴일,2020-08-14,법인,2020-03-01,1, ,37.8701158122,126.9835430508,1,서울특별시 서초구,1,1,개+고양이+기타,8,,1,18:00,09:00,18:00,09:00,16:00,09:00,16:00,09:00
220,6,경기도 양주시 남면 상수리 410-1,한국동물구조관리협회,031-867-9119,일요일+공휴일,2020-08-14,법인,2020-02-29,1, 410-1,37.8701158122,126.9835430508,1,서울특별시 구로구,1,1,개+고양이+기타,8,,1,18:00,09:00,18:00,09:00,16:00,09:00,16:00,09:00
221,6,경기도 양주시 남면 감악산로 63-37 (남면) ,한국동물구조관리협회,031-867-9119,일요일+공휴일,2020-08-14,법인,2020-01-01,1, ,37.869894005,126.98311544,1,서울특별시 서대문구,1,1,개+고양이+기타,8,7,1,:,:,23:00,09:00,:,:,:,:
222,6,경기도 양주시 남면 감악산로 63-37 (남면) ,한국동물구조관리협회,031-868-2851,일요일+공휴일,2020-08-14,법인,2020-01-01,1, ,37.869894005,126.98311544,1,서울특별시 노원구,1,1,개+고양이+기타,8,,1,18:00,09:00,18:00,09:00,16:00,09:00,16:00,09:00
223,6,경기도 양주시 남면 감악산로 63-37 (남면) ,한국동물구조관리협회,031-867-9119,일요일+공휴일,2020-08-14,법인,2020-03-01,1, ,37.869894005,126.98311544,1,서울특별시 강북구,1,1,개+고양이+기타,8,,1,18:00,09:00,18:00,09:00,16:00,09:00,16:00,09:00
224,6,경기도 양주시 남면 감악산로 63-37 (남면) 한국동물구조관리협회,한국동물구조관리협회,031-867-9119,일요일+공휴일,2017-11-01,법인,2017-10-23,1, ,37.870483656,126.983640464,1,경기도 포천시,1,1,개+고양이+기타,8,8,1,16:00,09:00,18:00,09:00,:,:,16:00,09:00
225,6,경기도 양주시 남면 감악산로 63-37 (남면) ,한국동물구조관리협회,031-867-9119,공휴일,2020-08-14,법인,2020-02-29,1,경기도 양주시 남면 상수리 410-1 ,37.869894005,126.98311544,1,서울특별시 성북구,1,1,개등유기유실동물,9,5,1,16:00,09:00,18:00,09:00,16:00,09:00,18:00,09:00
226,,경기도 양주시 남면 감악산로 63-37 (남면) ,한국동물구조관리협회,031-867-9119,토요일+일요일+공휴일,2020-06-08,법인,2020-03-01,, ,37.870483656,126.983640464,,경기도 양주시,,1,개+고양이+기타,8,,1,:,:,18:00,09:00,:,:,:,:
227,6,경기도 양주시 남면 감악산로 63-37 ,한국동물구조관리협회,031-867-9119,일요일,2020-08-14,법인,2020-01-01,1, ,37.869894005,126.98311544,1,서울특별시 중랑구,1,1,개+고양이+기타,8,6,1,18:00,09:00,24:00,09:00,18:00,09:00,24:00,09:00
228,6,경기도 양주시 남면 감악산로 63-37 (남면) ,한국동물구조관리협회,031-867-9119,일요일+공휴일,2020-08-14,법인,2020-01-01,1, ,37.870483656,126.983640464,1,서울특별시 중구,1,1,개+반려묘+다친새끼고양이,8,,1,18:00,09:00,18:00,09:00,16:00,09:00,16:00,09:00
229,6,경기도 양주시 남면 감악산로 63-37 (남면) ,한국동물구조관리협회,031-867-9119,일요일+공휴일,2020-08-14,단체,2020-02-27,1,경기도 양주시 남면 상수리 410-1 ,37.870483656,126.983640464,1,서울특별시 종로구,1,1,개+고양이+기타,8,,1,18:00,09:00,18:00,09:00,16:00,09:00,16:00,09:00
230,6,경기도 양주시 남면 감악산로 63-37 ,한국동물구조관리협회,031-867-9119,일요일+공휴일,2020-08-14,법인,2020-03-01,1, ,37.869894005,126.98311544,1,서울특별시 동대문구,1,1,개+고양이+기타,8,,1,18:00,09:00,18:00,09:00,16:00,09:00,16:00,09:00
231,6,경기도 양주시 남면 상수리 410-1,한국동물구조관리협회,031-867-9119,일요일+공휴일,2020-08-14,법인,2020-01-01,1, 상수리 410-1,37.874444736,126.981671632,1,서울특별시 도봉구,1,1,개+고양이+기타,8,,1,18:00,09:00,18:00,09:00,16:00,09:00,16:00,09:00
232,6,경기도 양주시 남면 상수리 410-1,한국동물구조관리협회,031-867-9119,공휴일+일요일,2020-08-14,법인,2020-03-01,1, 410-1,37.8701158122,126.9835430508,1,서울특별시 은평구,1,1,개+고양이+기타,8,,1,18:00,09:00,18:00,09:00,16:00,09:00,16:00,09:00
233,6,경기도 양주시 남면 감악산로 63-37 (남면) 한국동물구조관리협회,한국동물구조관리협회,031-867-9119,일요일+공휴일,2020-08-14,법인,2020-03-01,1,경기도 양주시 남면 상수리 410-1 한국동물구조관리협회,37.869894005,126.98311544,1,서울특별시 강서구,1,1,개+고양이+기타,8,,1,18:00,09:00,18:00,09:00,16:00,09:00,16:00,09:00
234,6,경기도 양주시 남면 감악산로 63-37 (남면) ,한국동물구조관리협회,031-867-9119,일요일+공휴일,2020-08-14,법인,2014-01-01,1, ,37.870666189,126.983355051,1,서울특별시 금천구,1,1,개+고양이+기타,10,,1,18:00,09:00,18:00,09:00,16:00,09:00,16:00,09:00
235,6,경기도 양주시 남면 감악산로 63-37 (남면) 한국동물구조관리협회,한국동물구조관리협회,031-867-9119,일요일+공휴일,2020-08-14,법인,2019-03-01,1,경기도 양주시 남면 상수리 410-1 한국동물구조관리협회,37.8701158122,126.9835430508,1,서울특별시 강남구,1,1,개+고양이+기타,8,,1,18:00,09:00,18:00,09:00,16:00,09:00,16:00,09:00
236,,경기도 양주시 남면 감악산로 63-37 (남면) ,한국동물구조관리협회,031-867-9119,공휴일+일요일,2019-12-23,법인,2019-12-16,,경기도 양주시 남면 상수리 410-1 ,37.870198,126.983347,,서울특별시 성동구,,1,개+고양이+기타,8,,1,17:00,09:00,18:00,09:00,16:00,09:00,17:00,09:00
237,,경기도 양주시 남면 감악산로 63-37 (남면) ,한국동물구조관리협회,031-867-9119,0,2019-12-24,법인,2014-03-01,,경기도 양주시 남면 상수리 410-1 ,37.869894005,126.98311544,,서울특별시 광진구,,1,개+고양이+기타,8,,1,:,:,23:00,09:00,:,:,17:00,09:00
238,,경기도 안산시 상록구 청곡길 50 (부곡동) (사)한국야생동물보호협회,한국야생동물보호협회,031-296-0124,,2021-01-04,법인,,,경기도 안산시 상록구 부곡동 231-5 (사)한국야생동물보호협회,,,,경기도 과천시,,1,,,,,,,,,,,,
239,5,경기도 안산시 상록구 청곡길 50 (부곡동) 한국야생동물보호협회,한국야생동물보호협회,031-296-0124,일요일+공휴일,2021-04-08,법인,2019-01-07,1, 한국야생동물보호협회,37.340107739,126.869974021,1,경기도 광명시,2,1,개+고양이+기타,6,2,1,17:00,10:00,18:00,09:00,15:00,10:00,17:00,09:00
240,,경기도 안산시 상록구 청곡길 50 (부곡동) ,한국야생동물보호협회,031-296-0124,,,단체,,,경기도 안산시 상록구 부곡동 231-5 ,,,,경기도 군포시,,1,,,,,,,,,,,,
241,,경기도 안산시 상록구 청곡길 50 (부곡동) ,한국야생동물보호협회,031-296-0124,,2021-01-12,법인,,,경기도 안산시 상록구 부곡동 231-5 ,,,,경기도 의왕시,,1,,,,,,,,,,,,
242,,서울특별시 용산구 한남동 642-4,한남동물병원,02-793-9230,,2021-06-11,동물병원,,, 642-4,,,,서울특별시 용산구,,1,,,,,,,,,,,,
243,,서울특별시 성동구 금호산길 63-1 (금호동2가) ,한빛동물병원,02-2233-1848,,2020-10-05,동물병원,,,서울특별시 성동구 금호동2가 433 ,,,,서울특별시 성동구,,1,,,,,,,,,,,,
244,16,"경상남도 함양군 함양읍 함양남서로 996-76 (함양읍, 농업기술센터) ",함양군위탁보호소,055-960-8143,토요일+일요일,2020-12-31,단체,2018-01-01,0, ,35.507592843,127.741370753,0,경상남도 함양군,16,1,개,1,1,1,18:00,09:00,18:00,09:00,12:00,09:00,18:00,09:00
245,,대구광역시 수성구 수성동2가 명덕로 421 (수성동2가) 허동물병원,허동물병원,053-752-7535,일요일,2020-12-18,동물병원,2018-01-30,, 허동물병원,35.854639935,128.616327564,,대구광역시 수성구,,1,개+고양이+기타,3,,1,:,:,19:00,09:00,:,:,:,:
246,,서울특별시 마포구 독막로 45 (합정동) ,홍익동물병원,02-325-2026,일요일+공휴일,2020-06-03,동물병원,2020-01-01,,서울특별시 마포구 합정동 411-18 ,37.548099112,126.918393548,,서울특별시 마포구,,1,개+고양이+토끼+기니피그+페럿+햄스터,1,1,1,18:00,10:30,19:00,09:30,17:00,10:30,18:00,09:30
247,6,"강원도 홍천군 화촌면 둔덕이길 68 (화촌면, 홍천군유기동물보호센터) ",홍천군유기동물보호소,033-434-9435,토요일+일요일,2019-12-23,법인,2013-12-21,1, ,37.755090937,127.947470346,0,강원도 홍천군,1,1,개+고양이,3,1,0,18:00,09:00,18:00,09:00,18:00,09:00,18:00,09:00
248,,전라남도 화순군 한천면 덕음로 115 (한천면) ,화순군유기동물보호소,010-4345-5580,,2020-06-09,개인,,, ,,,,전라남도 화순군,,1,,,,,,,,,,,,
249,,강원도 화천군 상서면 영서로 6387-9  화천군농업기술센터,화천군농업기술센터,033-440-2941,,2021-04-28,법인,,,강원도 화천군 상서면 신풍리 809 화천군농업기술센터,,,,강원도 화천군,,1,,,,,,,,,,,,
250,,서울특별시 용산구 효창동 70-11,효창동물병원,02-711-4527,,2021-06-11,동물병원,,, 70-11,,,,서울특별시 용산구,,1,,,,,,,,,,,,
